<?xml version="1.0" encoding="UTF-8"?>
<project-private xmlns="http://www.netbeans.org/ns/project-private/1">
    <editor-bookmarks xmlns="http://www.netbeans.org/ns/editor-bookmarks/2" lastBookmarkId="0"/>
    <open-files xmlns="http://www.netbeans.org/ns/projectui-open-files/2">
        <group>
            <file>file:/C:/Users/chaco/OneDrive/Documentos/GitHub/Proyecto_POO/Proyecto/src/proyecto/Estado.java</file>
            <file>file:/C:/Users/chaco/OneDrive/Documentos/GitHub/Proyecto_POO/Proyecto/src/proyecto/Condicion.java</file>
            <file>file:/C:/Users/chaco/OneDrive/Documentos/GitHub/Proyecto_POO/Proyecto/src/proyecto/GestionAcceso.java</file>
            <file>file:/C:/Users/chaco/OneDrive/Documentos/GitHub/Proyecto_POO/Proyecto/src/proyecto/GestionArchivo.java</file>
            <file>file:/C:/Users/chaco/OneDrive/Documentos/GitHub/Proyecto_POO/Proyecto/src/proyecto/GestionQuickPass.java</file>
            <file>file:/C:/Users/chaco/OneDrive/Documentos/GitHub/Proyecto_POO/Proyecto/src/proyecto/QuickPass.java</file>
            <file>file:/C:/Users/chaco/OneDrive/Documentos/GitHub/Proyecto_POO/Proyecto/src/proyecto/Proyecto.java</file>
            <file>file:/C:/Users/chaco/OneDrive/Documentos/GitHub/Proyecto_POO/Proyecto/src/proyecto/Accesos.java</file>
        </group>
    </open-files>
</project-private>
